0.000000000000000000e+00,-1.000000000000000000e+00,0.000000000000000000e+00,0.000000000000000000e+00,0.000000000000000000e+00,0.000000000000000000e+00
0.000000000000000000e+00,-1.000000000000000000e+00,0.000000000000000000e+00,0.000000000000000000e+00,0.000000000000000000e+00,0.000000000000000000e+00
3.225863832694913168e-04,-9.985227078304633741e-01,-1.704671057888472278e-03,2.914003633646089454e-04,1.742941667221696209e-04,-6.402147501272467288e-05
9.667657369790718085e-04,-9.955683459589360629e-01,-5.113543326663297015e-03,8.738801755944316293e-04,5.223608143705975749e-04,-1.920382016379464725e-04
1.929588680826749454e-03,-9.911319223418092461e-01,-1.023779907439185607e-02,1.753336945987186458e-03,1.042667460637926400e-03,-3.839455406144837461e-04
3.206152294604600571e-03,-9.852033009942536834e-01,-1.710004626053884466e-02,2.941727185933411780e-03,1.732670732887528833e-03,-6.395519824070901695e-04
4.789600103114473317e-03,-9.777673095551345783e-01,-2.573396231544490195e-02,4.456809672031999438e-03,2.588813719038086589e-03,-9.585619766379762470e-04
6.671120114598830426e-03,-9.688038908245706349e-01,-3.618378622041457104e-02,6.321776582279232948e-03,3.606521045217416302e-03,-1.340550271077905597e-03
8.839941531411264417e-03,-9.582883092276039960e-01,-4.850362447139287825e-02,8.564749208415555620e-03,4.780192034134299502e-03,-1.784928091761107472e-03
1.128333098081761403e-02,-9.461914270221210010e-01,-6.275652426369322801e-02,1.121810667233508370e-02,6.103192430112073900e-03,-2.290901658550604375e-03
1.398658950117078088e-02,-9.324800686449319365e-01,-7.901325574124883067e-02,1.431760833515700188e-02,7.567845397939893838e-03,-2.857423773495021066e-03
1.693305212039529495e-02,-9.171174945101844278e-01,-9.735073543254837980e-02,1.790126406035523476e-02,9.165422845189716283e-03,-3.483139567576618630e-03
2.010409273314960055e-02,-9.000640072216476995e-01,-1.178500167857540748e-01,2.200790231841868311e-02,1.088613861256228221e-02,-4.166327969145396798e-03
2.347913815534418205e-02,-8.812777126156556839e-01,-1.405937736254572468e-01,2.667538600083356470e-02,1.271914574596511895e-02,-4.904841082344730922e-03
2.703569670055719701e-02,-8.607154540837526069e-01,-1.656632119001856807e-01,3.193843202784883012e-02,1.465254090539280449e-02,-5.696044438034491425e-03
3.074940829059185504e-02,-8.383339297720219241e-01,-1.931343684895823198e-01,3.782600610957916054e-02,1.667337993227432924e-02,-6.536761974437444236e-03
3.459412476146600524e-02,-8.140909870661768855e-01,-2.230737973594767720e-01,4.435829109104235529e-02,1.876770957041395266e-02,-7.423230542165083073e-03
3.854203026391529729e-02,-7.879470662740351017e-01,-2.555337060239212810e-01,5.154326810143282367e-02,2.092062110091456872e-02,-8.351069562607765090e-03
4.256381190281600946e-02,-7.598667358365146507e-01,-2.905466888916043988e-01,5.937300405973749279e-02,2.311633188546203393e-02,-9.315271975339801946e-03
4.662888928959463969e-02,-7.298202270503945099e-01,-3.281203027102377323e-01,6.781980310170081239e-02,2.533830010703767149e-02,-1.031022249673874645e-02
5.070570777995797584e-02,-6.977848423450988546e-01,-3.682318291191570281e-01,7.683244425745479333e-02,2.756937593972188724e-02,-1.132974816632481389e-02
5.476209339885723670e-02,-6.637460857909408540e-01,-4.108236479910836181e-01,8.633277894788421447e-02,2.979198870141158695e-02,-1.236720394287707525e-02
5.876565800926751570e-02,-6.276983577766078737e-01,-4.557996749964147720e-01,9.621298187597487894e-02,3.198836431928588769e-02,-1.341559270057967462e-02
6.268423229078995407e-02,-5.896450768770139517e-01,-5.030232717661011765e-01,1.063337213053451580e-01,3.414076126159242691e-02,-1.446771467257545324e-02
6.648629367620584318e-02,-5.495981452419778091e-01,-5.523169040403834718e-01,1.165234314654381431e-01,3.623170711596963162e-02,-1.551633688546412600e-02
7.014134926956862304e-02,-5.075767553109992170e-01,-6.034636122349845699e-01,1.265787376405550779e-01,3.824421374019525144e-02,-1.655436939541936672e-02
7.362023242773334253e-02,-4.636056315775898828e-01,-6.562101067174314073e-01,1.362659272236098340e-01,4.016194779786456254e-02,-1.757503315682636819e-02
7.689527738208046248e-02,-4.177128910261000971e-01,-7.102710628588672082e-01,1.453232136860679591e-01,4.196933628399850125e-02,-1.857200475902620954e-02
7.994034834627966601e-02,-3.699277692060553013e-01,-7.653340260761836156e-01,1.534634417929562622e-01,4.365159305525265210e-02,-1.953952605218103183e-02
8.273071549668115088e-02,-3.202784826594740064e-01,-8.210642825968774705e-01,1.603768557065236577e-01,4.519466107957302581e-02,-2.047247116463548830e-02
8.524278656198436277e-02,-2.687904817141565372e-01,-8.771091127822295830e-01,1.657336001939879178e-01,4.658507421383233094e-02,-2.136636846304659776e-02
8.745371636625194622e-02,-2.154853012131011381e-01,-9.331009938311205509e-01,1.691857320140409682e-01,4.780975003742745505e-02,-2.221737945793626073e-02
8.934092573081467425e-02,-1.603801576576218135e-01,-9.886595123807845331e-01,1.703686549953502827e-01,4.885573056471947256e-02,-2.302223968415662708e-02
9.088156557765686427e-02,-1.034883862072696753e-01,-1.043391939217537701e+00,1.689020291932547824e-01,4.970989042721771223e-02,-2.377816788252224561e-02
9.205196323097034061e-02,-4.482077121803525188e-02,-1.096892575457012242e+00,1.643903207330031091e-01,5.035863305462100897e-02,-2.448274955268943745e-02
9.282708786477596175e-02,1.561219666555974106e-02,-1.148741087766416369e+00,1.564232444405123934e-01,5.078759562231607849e-02,-2.513379961979532104e-02
9.318007291994145902e-02,7.779710807872083911e-02,-1.198500110568179400e+00,1.445764050973045167e-01,5.098138425244518046e-02,-2.572920714585530746e-02
9.308183680326624632e-02,1.417134330440186496e-01,-1.245712415702586506e+00,1.284124687992145020e-01,5.092336311287769257e-02,-2.626676327998645963e-02
9.250085027402138449e-02,2.073282894138933075e-01,-1.289897947106258824e+00,1.074831974877762386e-01,5.059552523096782356e-02,-2.674397246125310990e-02
9.140310974566812074e-02,2.745901438195954003e-01,-1.330550999907457621e+00,8.133265878607698340e-02,4.997847912487712874e-02,-2.715784668736764829e-02
8.975238932036097572e-02,3.434214269395126640e-01,-1.367137796012482642e+00,4.950187767740409778e-02,4.905159323680594735e-02,-2.750468384582644560e-02
8.751085826451851513e-02,4.137100898652140146e-01,-1.399094673556604107e+00,1.153512081218933255e-02,4.779334825081997529e-02,-2.777983407601264387e-02
8.464016020455382427e-02,4.853002056523364471e-01,-1.425827063985146470e+00,-3.301210935935914442e-02,4.618195307240999942e-02,-2.797746325776061249e-02
8.110304803741379132e-02,5.579818351838317092e-01,-1.446709374344149257e+00,-8.456345308684856676e-02,4.419627922623684674e-02,-2.809033020911338996e-02
7.686564350602986817e-02,6.314805317747259616e-01,-1.461085818550270421e+00,-1.435107397875483304e-01,4.181715441136334144e-02,-2.810960385744895595e-02
7.190032905826429510e-02,7.054470518726037032e-01,-1.468272143301549315e+00,-2.102022685311297767e-01,3.902902109361974098e-02,-2.802475772916830990e-02
6.618916925922384287e-02,7.794480579165112832e-01,-1.467558061928335045e+00,-2.849312175784292078e-01,3.582190284385741719e-02,-2.782358995911316663e-02
5.972759549676329160e-02,8.529588165085481011e-01,-1.458210026917369007e+00,-3.679254586028025686e-01,3.219352701978148851e-02,-2.749242520551931426e-02
5.252788800607075675e-02,9.253590593681607634e-01,-1.439473715257868713e+00,-4.593404634683316834e-01,2.815133683314822999e-02,-2.701655745027589997e-02
4.462180539664528656e-02,9.959332047933169285e-01,-1.410575241683402314e+00,-5.592573914422250825e-01,2.371401856510356107e-02,-2.638098695541984257e-02
3.606163580678848485e-02,1.063875926771312264e+00,-1.370719634505900286e+00,-6.676887518213284745e-01,1.891212355915970755e-02,-2.557148898123428465e-02
2.691908729085638191e-02,1.128303504952541392e+00,-1.319084528090619601e+00,-7.845941278918395767e-01,1.378744423752432599e-02,-2.457602666767602986e-02
1.728187569061425538e-02,1.188270459299595627e+00,-1.254806451350323648e+00,-9.099081711815766305e-01,8.391053895649027913e-03,-2.338649008890117398e-02
7.248579337830405797e-03,1.242789803869474241e+00,-1.176956773490152708e+00,-1.043582283094253826e+00,2.780326168702881157e-03,-2.200072019654073299e-02
-3.076855009653481007e-03,1.290854252416722137e+00,-1.084504805924460191e+00,-1.185639952155462806e+00,-2.984285003737000008e-03,-2.042478689967805461e-02
-1.358891518173534381e-02,1.331455665485116180e+00,-9.762678050585371636e-01,-1.336243285962921190e+00,-8.841554464711073175e-03,-1.867558284697878879e-02
-2.418039967417663985e-02,1.363602378020729811e+00,-8.508542406934958002e-01,-1.495763667314229384e+00,-1.472963333302385394e-02,-1.678404286509981372e-02
-3.473694079261564066e-02,1.386341742688522949e+00,-7.066245061937485028e-01,-1.664838734669797038e+00,-2.058325891763981147e-02,-1.479981361062920019e-02
-4.512861804804402244e-02,1.398815269236354686e+00,-5.417401931565016815e-01,-1.844370013925837881e+00,-2.632942413837052742e-02,-1.279914875409545426e-02
-5.521591938404781658e-02,1.400422453229166253e+00,-3.544916918100095016e-01,-2.035344370065237385e+00,-3.189107057236241494e-02,-1.089939321521737718e-02
-6.493744960860285687e-02,1.391273603306711237e+00,-1.443534944944720733e-01,-2.238207026523661991e+00,-3.723575325975284761e-02,-9.285229122502361432e-03
-7.467277969525548675e-02,1.373239987105511650e+00,8.546552715239885689e-02,-2.451332809901445309e+00,-4.257454908633961921e-02,-8.248887226249987381e-03
-8.613279901814392681e-02,1.351573409126401337e+00,3.240657413701678591e-01,-2.668700323409221475e+00,-4.884715374244692765e-02,-8.216798514016326882e-03
-1.029636933062975379e-01,1.334976554295277618e+00,5.527201211658183677e-01,-2.879970488759727054e+00,-5.804835729673778200e-02,-9.657489375313960470e-03
-1.282524162892166308e-01,1.330977654069817939e+00,7.558174572846607653e-01,-3.077020715676423990e+00,-7.187323109907015062e-02,-1.283405139943178883e-02
-1.610911415917944400e-01,1.341834175449062361e+00,9.297526136070208835e-01,-3.258697689679265874e+00,-8.985687323949458072e-02,-1.773509434783829275e-02
-1.981028396040271367e-01,1.366565502004047028e+00,1.077569512652416961e+00,-3.427287292840476951e+00,-1.101943738771623688e-01,-2.422138158512904954e-02
-2.362973433894152153e-01,1.403637261458178687e+00,1.202877450309347562e+00,-3.585039013754034887e+00,-1.312788197205626839e-01,-3.208817921154760028e-02
-2.738937074538921879e-01,1.451733307648820137e+00,1.308246968924734022e+00,-3.733341376535826761e+00,-1.521474242800950616e-01,-4.109689778799811150e-02
-3.100072159660541837e-01,1.509721229806141762e+00,1.395314785428651172e+00,-3.872808381756798202e+00,-1.723162298010527671e-01,-5.100855257431541334e-02
-3.442059201685672143e-01,1.576508915780625575e+00,1.465116185196700282e+00,-4.003478605623467246e+00,-1.915420767393596901e-01,-6.159631976695530142e-02
-3.762288630196286565e-01,1.650954469108976586e+00,1.518343245887738391e+00,-4.124988223990013303e+00,-2.096700506387372542e-01,-7.264270312041587463e-02
-4.058608786153332093e-01,1.731838748047366483e+00,1.555521256386339868e+00,-4.236721116008904886e+00,-2.265652177615461449e-01,-8.393553077287083108e-02
-4.329064043848919741e-01,1.817885823248863941e+00,1.577126860815350362e+00,-4.337946269645533981e+00,-2.420987574398738296e-01,-9.527063009692600393e-02
-4.572125377696274473e-01,1.907814833485875994e+00,1.583661660678539418e+00,-4.427941137663224502e+00,-2.561620826359046754e-01,-1.064618596160700065e-01
-4.787037937689758160e-01,2.000405758159026437e+00,1.575688601750730555e+00,-4.506092143902973746e+00,-2.686883424629023520e-01,-1.173543255496333482e-01
-4.974036438431087559e-01,2.094562272311325746e+00,1.553838210518186269e+00,-4.571963504409757739e+00,-2.796669455805083082e-01,-1.278348869952511402e-01
-5.134328798434447672e-01,2.189359245402228815e+00,1.518793422465955834e+00,-4.625330904943135479e+00,-2.891447860273179682e-01,-1.378357233255147196e-01
-5.269883357004143676e-01,2.284069384241110168e+00,1.471261988449961589e+00,-4.666183097030092597e+00,-2.972155950377569078e-01,-1.473303364452117625e-01
-5.383123673347258720e-01,2.378169888817055710e+00,1.411943653200741222e+00,-4.694698720474753451e+00,-3.040031262753293273e-01,-1.563244051326674877e-01
-5.476630767548785750e-01,2.471333691044352410e+00,1.341496784390605823e+00,-4.711206903708660576e+00,-3.096440005787935990e-01,-1.648449244999583563e-01
-5.552910476216812441e-01,2.563410840898828980e+00,1.260507224955170535e+00,-4.716139562207788849e+00,-3.142737932713154936e-01,-1.729303355811520893e-01
-5.614240813837650945e-01,2.654404930916022032e+00,1.169461274128391848e+00,-4.709982069750706657e+00,-3.180174929445452325e-01,-1.806229939618914371e-01
-5.662588139024896661e-01,2.744448034746857168e+00,1.068724750030031645e+00,-4.693227800396031490e+00,-3.209838771977433503e-01,-1.879642031215886799e-01
-5.699571356517894039e-01,2.833775866523346121e+00,9.585310699183852146e-01,-4.666341319231555929e+00,-3.232627057616260235e-01,-1.949914324943255173e-01
-5.726453793473098575e-01,2.922702681142124170e+00,8.389837813357496898e-01,-4.629735281804493674e+00,-3.249235839149718363e-01,-2.017371716916359636e-01
-5.744147058355413282e-01,3.011592444946661118e+00,7.100842494891970169e-01,-4.583768301234653286e+00,-3.260155772503101623e-01,-2.082289647495730034e-01
-5.753217444232303635e-01,3.100818397809995464e+00,5.718050306009525574e-01,-4.528776360188335737e+00,-3.265670071132348862e-01,-2.144903853521806514e-01
-5.753893623140211577e-01,3.190696981659523424e+00,4.242446602111493714e-01,-4.465159345949152758e+00,-3.265853506972925535e-01,-2.205429724047388018e-01
-5.746087345054113893e-01,3.281376579980370245e+00,2.679135656794771059e-01,-4.393552889658865368e+00,-3.260579996156828253e-01,-2.264093371183159287e-01
-5.729459217592365317e-01,3.372668529071622068e+00,1.041809402297701470e-01,-4.315103568974936188e+00,-3.249559804995368895e-01,-2.321174596686023384e-01
-5.703579305982042769e-01,3.463857948443140433e+00,-6.422406412329254022e-02,-4.231780907950833281e+00,-3.232439772559960733e-01,-2.377049024709753100e-01
-5.668199210683112499e-01,3.553648127287263758e+00,-2.330778349149177364e-01,-4.146463319707299533e+00,-3.208979578167366897e-01,-2.432189488607784111e-01
-5.623510336963030154e-01,3.640456456589344914e+00,-3.974849741452289864e-01,-4.062427042844043434e+00,-3.179223994436690681e-01,-2.487078569126270899e-01
-5.570142673722038307e-01,3.723005847710338490e+00,-5.534973022911680030e-01,-3.982333398126286728e+00,-3.143508158826914811e-01,-2.542061585394481127e-01
-5.508865899452429771e-01,3.800731241654902171e+00,-6.992162985801466668e-01,-3.907532960824967816e+00,-3.102264959377099562e-01,-2.597266730427775228e-01
-5.440276441247960948e-01,3.873711485215167727e+00,-8.345933998445782542e-01,-3.838184220968990257e+00,-3.055817947668275081e-01,-2.652649601463272222e-01
-5.364672355939044124e-01,3.942369134346640713e+00,-9.605942209073294880e-01,-3.773776524690902967e+00,-3.004294970679317056e-01,-2.708085135985672243e-01
-5.282069248416118024e-01,4.007227484230562631e+00,-1.078518583793354857e+00,-3.713560956104507760e+00,-2.947634656258950603e-01,-2.763433898275425293e-01
-5.192256031552181517e-01,4.068789046291941602e+00,-1.189653789633140279e+00,-3.656774226989301546e+00,-2.885620000032450561e-01,-2.818572877348444750e-01
-5.094842333674376444e-01,4.127493177961985005e+00,-1.295146817963130470e+00,-3.602724761595875957e+00,-2.817907084443651011e-01,-2.873405650310060788e-01
-4.989287956572702187e-01,4.183709997817712356e+00,-1.395978377575249008e+00,-3.550813660027936081e+00,-2.744042230686604689e-01,-2.927864257096542411e-01
-4.874917262064289436e-01,4.237747527125557134e+00,-1.492975233472285668e+00,-3.500530511411103607e+00,-2.663469211242119328e-01,-2.981908987472140504e-01
-4.750922929049490318e-01,4.289862199541441434e+00,-1.586833169102873198e+00,-3.451441715344713668e+00,-2.575529283675262460e-01,-3.035528672897732649e-01
-4.616362504181155124e-01,4.340269140642285528e+00,-1.678140102653714827e+00,-3.403178207729351978e+00,-2.479456198681550816e-01,-3.088742527153023332e-01
-4.470150122134174953e-01,4.389151204948491092e+00,-1.767396023901375068e+00,-3.355424956143514770e+00,-2.374367688020355971e-01,-3.141604044837808529e-01
-4.311045219143073148e-01,4.436666733126584994e+00,-1.855029136409938495e+00,-3.307912844743182035e+00,-2.259254616409051009e-01,-3.194207362885394530e-01
-4.137640060930387609e-01,4.482956317720335981e+00,-1.941408500426381689e+00,-3.260412974703672084e+00,-2.132969042253077263e-01,-3.246696560653930530e-01
-3.948348503111347441e-01,4.528148942703968061e+00,-2.026853684948035195e+00,-3.212733261701668841e+00,-1.994212933707191771e-01,-3.299278509483618005e-01
-3.741399769068128323e-01,4.572367843003342536e+00,-2.111641902768746526e+00,-3.164717221744388187e+00,-1.841530380051984439e-01,-3.352240018978013270e-01
-3.514843506182897537e-01,4.615736358769847669e+00,-2.196012998835522367e+00,-3.116244865988150536e+00,-1.673308108401915517e-01,-3.405970086615425219e-01
-3.266576493535868209e-01,4.658383924888522820e+00,-2.280172564920323719e+00,-3.067235588458967932e+00,-1.487792403565192378e-01,-3.460987890785433008e-01
-2.994407770960672011e-01,4.700452091391206899e+00,-2.364293405302359652e+00,-3.017652737712178457e+00,-1.283135690533392659e-01,-3.517976475432712524e-01
-2.696188052049306449e-01,4.742100039477736395e+00,-2.448515623550976628e+00,-2.967509094868499453e+00,-1.057493479333018044e-01,-3.577820289388433661e-01
-2.370040131188871635e-01,4.783508364688953129e+00,-2.532945802029568316e+00,-2.916871598727159842e+00,-8.092014791364243731e-02,-3.641640905423225161e-01
-2.014734631706466828e-01,4.824878960540359252e+00,-2.617656177479803059e+00,-2.865862307364509753e+00,-5.370697120273297542e-02,-3.710818060300229981e-01
-1.630246119309369246e-01,4.866427986366629099e+00,-2.702685404559036275e+00,-2.814651069034655784e+00,-2.408246246215510131e-02,-3.786971828058062761e-01
-1.218471627298126636e-01,4.908369134215982754e+00,-2.788043256677139148e+00,-2.763434858884421530e+00,7.830995941739176541e-03,-3.871868710295891525e-01
-7.839665636108772429e-02,4.950887434786681141e+00,-2.873721762708287386e+00,-2.712401574139919891e+00,4.170022852485733011e-02,-3.967210744344233375e-01
-3.343647942006947038e-02,4.994110760133970928e+00,-2.959713583905769774e+00,-2.661684539415701156e+00,7.694345268358820933e-02,-4.074295303019374592e-01
1.199624795313475323e-02,5.038093987863765832e+00,-3.046034103303594698e+00,-2.611325823528765522e+00,1.127518436603802549e-01,-4.193613442880351760e-01
5.672465820975034628e-02,5.082830534498014252e+00,-3.132738776866388353e+00,-2.561270879190595373e+00,1.481914594002360086e-01,-4.324555794762979244e-01
9.963174250954814903e-02,5.128291071594526684e+00,-3.219927301057088354e+00,-2.511402272498732380e+00,1.823607669796889763e-01,-4.465411990862941383e-01
1.398408489619656636e-01,5.174469580075433228e+00,-3.307734088140833695e+00,-2.461593367403526855e+00,2.145372382153219182e-01,-4.613705892513528251e-01
1.768045275292626783e-01,5.221412523713769183e+00,-3.396314033469695293e+00,-2.411749621711309910e+00,2.442536708443575344e-01,-4.766705771311045559e-01
2.102920414402019156e-01,5.269221508271470178e+00,-3.485834095296191482e+00,-2.361818154358755084e+00,2.712938578681362012e-01,-4.921878599161744194e-01
2.403161793521622347e-01,5.318036767983322477e+00,-3.576474696062947434e+00,-2.311769139908260495e+00,2.956381939371691692e-01,-5.077155503902152089e-01
2.670464579245005465e-01,5.368014990429128552e+00,-3.668438160909656354e+00,-2.261565076001924801e+00,3.173964250988096092e-01,-5.231009541048983191e-01
2.907363553597399064e-01,5.419311598214254566e+00,-3.761959250981808722e+00,-2.211132658584058497e+00,3.367501042819279755e-01,-5.382413876649786433e-01
3.116724712052625912e-01,5.472071544358564132e+00,-3.857314397696453234e+00,-2.160344528911413153e+00,3.539117139297585091e-01,-5.530748715054929487e-01
3.301430535724668158e-01,5.526428257584164783e+00,-3.954828716906522157e+00,-2.109011395772128594e+00,3.690988953412860929e-01,-5.675700127754189639e-01
3.464203804298995326e-01,5.582508459470185258e+00,-4.054881632514391043e+00,-2.056881427500600878e+00,3.825196523185948050e-01,-5.817170765043033764e-01
3.607519935383258214e-01,5.640440443375817736e+00,-4.157912695595693542e+00,-2.003642924638509903e+00,3.943646592441031329e-01,-5.955208511635083912e-01
3.733571831369623117e-01,5.700364108386950512e+00,-4.264429307962389615e+00,-1.948926855943904135e+00,4.048038416328130218e-01,-6.089952605365305249e-01
3.844263730931966050e-01,5.762441930449409888e+00,-4.375017976381711193e+00,-1.892306808756523351e+00,4.139853580877357886e-01,-6.221594315046734547e-01
3.941219290927096552e-01,5.826870827267715214e+00,-4.490360722074229649e+00,-1.833294686272594065e+00,4.220357914253693998e-01,-6.350348735205409989e-01
4.025794536413321856e-01,5.893895470900872624e+00,-4.611258490148171241e+00,-1.771330874586822368e+00,4.290607792284048538e-01,-6.476434423279725516e-01
4.099089334738116319e-01,5.963824069608365974e+00,-4.738663887874037250e+00,-1.705767606474108522e+00,4.351455475411893925e-01,-6.600057908744361157e-01
4.161952332819739975e-01,6.037048037683714341e+00,-4.873726281780172087e+00,-1.635843978870450410e+00,4.403549041703514466e-01,-6.721400236959251817e-01
4.214974110997497525e-01,6.114067276803989870e+00,-5.017852943516990294e+00,-1.560650786906218945e+00,4.447322168463342940e-01,-6.840602420109844761e-01
4.258461521441443409e-01,6.195522718198634315e+00,-5.172789626854144451e+00,-1.479083689516813793e+00,4.482967293082731342e-01,-6.957745590419744941e-01
4.292382275523086155e-01,6.282236243741381010e+00,-5.340719657904179130e+00,-1.389786231947625961e+00,4.510382033132667723e-01,-7.072819113880177699e-01
4.316262191419399374e-01,6.375251663394726265e+00,-5.524362904849788869e+00,-1.291096022031673840e+00,4.529072524468185645e-01,-7.185664677338000628e-01
4.329009323580199631e-01,6.475848697652748065e+00,-5.726996728348748178e+00,-1.181045882332919961e+00,4.537989516510848587e-01,-7.295874623638439749e-01
4.328642152778036656e-01,6.585436545052624879e+00,-5.952143550712975184e+00,-1.057585562432492354e+00,4.535274939621256052e-01,-7.402609373088672173e-01
4.311973948077709728e-01,6.705068112617911247e+00,-6.202221789154618747e+00,-9.194729185326222520e-01,4.517963430963196636e-01,-7.504305115455465192e-01
4.274637645678248665e-01,6.834082514409548281e+00,-6.474828508939098448e+00,-7.686680810023007737e-01,4.481985744131774529e-01,-7.598393796522775467e-01
4.212481203062680701e-01,6.967980231272394853e+00,-6.756949865123734078e+00,-6.139807860621544489e-01,4.423422089598161300e-01,-7.681728917642097754e-01
4.124317996651938323e-01,7.099015447098868670e+00,-7.026542229887969171e+00,-4.699027453697548484e-01,4.341036312117658724e-01,-7.752659031771115261e-01
4.011547813328934509e-01,7.222244639117938014e+00,-7.268851583505968605e+00,-3.461522046760785454e-01,4.236006641431427910e-01,-7.812562650792391761e-01
3.874151132220644556e-01,7.337947368942816517e+00,-7.482954290691381516e+00,-2.436925978519344782e-01,4.108279060674610017e-01,-7.863913642592113007e-01
3.709154550260553296e-01,7.448414526972079841e+00,-7.673162330277129684e+00,-1.603012895859790288e-01,3.955114147614955389e-01,-7.908432782033351094e-01
3.511041940995012212e-01,7.555941565365883683e+00,-7.843635869197670196e+00,-9.397944511843396576e-02,3.771432347687556086e-01,-7.946993385381336816e-01
3.272111065119747142e-01,7.662443686051015668e+00,-7.997326237145647276e+00,-4.360267664263164228e-02,3.550128865915321841e-01,-7.979986703664717629e-01
2.982792649939358109e-01,7.769502507540697600e+00,-8.136092555436055918e+00,-8.832107355741053434e-03,3.282359256194764541e-01,-8.007687976755968329e-01
2.632616860328410024e-01,7.878437836056527033e+00,-8.260942343828068246e+00,1.006670963305310654e-02,2.958420652605621148e-01,-8.030688588709955500e-01
2.212932104653259346e-01,7.990309053911359705e+00,-8.372206755857126481e+00,1.240666280144338968e-02,2.570247164893077474e-01,-8.050517143644532192e-01
1.722705895825036304e-01,8.105810368440552693e+00,-8.469659800623869472e+00,-2.688968157384461280e-03,2.116752241583552130e-01,-8.070423214783973842e-01
1.177117478599707112e-01,8.225065729336762388e+00,-8.552659347895254172e+00,-3.593565818031492498e-02,1.611767874473736817e-01,-8.095797450592345790e-01
6.128821857687796748e-02,8.347460082117514446e+00,-8.620424343883504648e+00,-8.744812172941740513e-02,1.089012677064780388e-01,-8.133015904181264411e-01
7.942146573655689545e-03,8.471766317250979839e+00,-8.672448857595350447e+00,-1.564745985726583855e-01,5.940328518227792204e-02,-8.186241124515424294e-01
-3.828753062379199740e-02,8.596578352624051789e+00,-8.708774851276496420e+00,-2.415759305033690074e-01,1.641886426508785968e-02,-8.254858138672264145e-01
-7.568655581379959973e-02,8.720649795522378511e+00,-8.729890920472502813e+00,-3.410619438580821949e-01,-1.845130453591504321e-02,-8.334560650491512623e-01
-1.045151072188839625e-01,8.842921367796163779e+00,-8.736454952850385425e+00,-4.532798827448787926e-01,-4.542741742394949128e-02,-8.420333741497509905e-01
-1.259638973945574891e-01,8.962405554330059587e+00,-8.729111111032903381e+00,-5.766691146726029560e-01,-6.559240903267633815e-02,-8.508234107519427880e-01
-1.414112642077836601e-01,9.078093177610417897e+00,-8.708435812952178168e+00,-7.097132967003139115e-01,-8.020741941062134450e-02,-8.595660150824274703e-01
-1.521088881707943208e-01,9.188914872356033214e+00,-8.674947283661957442e+00,-8.508845288465880508e-01,-9.042105970117414460e-02,-8.681058321111247977e-01
-1.591115151609790723e-01,9.293742748522314301e+00,-8.629132509975484311e+00,-9.986099515866934118e-01,-9.720365692479095154e-02,-8.763622648000234383e-01
-1.633009927077642420e-01,9.391419544982948509e+00,-8.571471593678477774e+00,-1.151269495477166727e+00,-1.013687754779360739e-01,-8.843106821922224192e-01
-1.654303970392667356e-01,9.480809010847405460e+00,-8.502450912020202978e+00,-1.307229154625543677e+00,-1.036134602309643632e-01,-8.919710593827496758e-01
-1.661569452504244038e-01,9.560861156069524469e+00,-8.422561218127693650e+00,-1.464908816848943474e+00,-1.045481247232979277e-01,-8.993984512070528625e-01
-1.660525089752989403e-01,9.630681703385555181e+00,-8.332280144024533541e+00,-1.622874756175251898e+00,-1.047056115720549074e-01,-9.066720774225579538e-01
-1.655931827564280368e-01,9.689591081543076356e+00,-8.232041105402485570e+00,-1.779938784616559078e+00,-1.045307418664025850e-01,-9.138828038428998823e-01
-1.651398735764709469e-01,9.737158073726972063e+00,-8.122191462185984534e+00,-1.935243819355311201e+00,-1.043615400307856961e-01,-9.211210049624517504e-01
-1.649265599428205165e-01,9.773198017665809090e+00,-8.002942133496670607e+00,-2.088320906557425083e+00,-1.044177395519404195e-01,-9.284673854160189199e-01
-1.650672414272366106e-01,9.797734017938841689e+00,-7.874310017945000517e+00,-2.239113015932046036e+00,-1.048069171280443801e-01,-9.359883654733643921e-01
-1.655803668414491114e-01,9.810928572501591560e+00,-7.736054014814112811e+00,-2.387971706594618215e+00,-1.055471297154422922e-01,-9.437360610758728230e-01
-1.664204587826649817e-01,9.812998346679103534e+00,-7.587604340375571965e+00,-2.535640198716608396e+00,-1.065964052136149642e-01,-9.517518131485184218e-01
-1.675059973102082655e-01,9.804124905598941453e+00,-7.427983345047207031e+00,-2.683238279917631530e+00,-1.078788043195169633e-01,-9.600720750056834785e-01
-1.687373455811678191e-01,9.784371511293763035e+00,-7.255717649455294627e+00,-2.832259843424153711e+00,-1.093011865547186823e-01,-9.687360191786803520e-01
-1.700030604933944478e-01,9.753616830354342682e+00,-7.068755407027314419e+00,-2.984579889706189704e+00,-1.107590842116111807e-01,-9.777950755995579168e-01
-1.711746001776036086e-01,9.711531843676608489e+00,-6.864452883523032511e+00,-3.142432106395649072e+00,-1.121316406592985510e-01,-9.873254091864531734e-01
-1.720886978394356170e-01,9.657680534408642714e+00,-6.639843941513442260e+00,-3.308223082937996384e+00,-1.132648386843554400e-01,-9.974442546219912664e-01
-1.725171690061569063e-01,9.591962114604427825e+00,-6.392775383278043400e+00,-3.483821549296714615e+00,-1.139426483415640623e-01,-1.008326589428479414e+00
-1.721383431736865921e-01,9.515800461341498817e+00,-6.125004509177628620e+00,-3.668655640231694548e+00,-1.138592633091723844e-01,-1.020199222995191279e+00
-1.705769092909795448e-01,9.434008455469841792e+00,-5.847111049386032988e+00,-3.856759791676150240e+00,-1.126555338745071772e-01,-1.033249106006289830e+00
-1.675998435400212483e-01,9.354508885348019831e+00,-5.577795982772051353e+00,-4.037400703613827524e+00,-1.101038018580874356e-01,-1.047428411089726286e+00
-1.632713245445152339e-01,9.283208132520355704e+00,-5.330505127735673199e+00,-4.203366200549546683e+00,-1.062565762131508079e-01,-1.062421091833931186e+00
-1.577783829988493036e-01,9.221204639189044983e+00,-5.106393782046874996e+00,-4.354948979525306463e+00,-1.012838443552255968e-01,-1.077893715901288685e+00
-1.512422821748058421e-01,9.167343037948448625e+00,-4.901133339809115697e+00,-4.495546591305201289e+00,-9.529440119741965087e-02,-1.093634642785948907e+00
-1.437014232102149514e-01,9.120261569320502915e+00,-4.710109699078499190e+00,-4.628538512033764540e+00,-8.831884030219683268e-02,-1.109525686609622364e+00
-1.351449398381931177e-01,9.078918635847252006e+00,-4.529631963339001643e+00,-4.756650359244963155e+00,-8.034099495651197964e-02,-1.125497474585834601e+00
-1.255426941174960787e-01,9.042610873053382292e+00,-4.356876940612250060e+00,-4.882054186499975579e+00,-7.132640966686831785e-02,-1.141503937058210294e+00
-1.148707478205609894e-01,9.010901528496592761e+00,-4.189648862648489569e+00,-5.006551130484782952e+00,-6.124689954071654147e-02,-1.157508934771845688e+00
-1.031379229491933558e-01,8.983549126579045918e+00,-4.026179610765292516e+00,-5.131708068512890186e+00,-5.010655154588240096e-02,-1.173478200984617414e+00
-9.041623743643149858e-02,8.960441527725194533e+00,-3.864992414306407831e+00,-5.258933983800713641e+00,-3.797185449024834819e-02,-1.189373072001966403e+00
-7.687285665850646099e-02,8.941520024594247218e+00,-3.704820067089641178e+00,-5.389491298623743987e+00,-2.500363935143631866e-02,-1.205144310595491319e+00
-6.279324991266341249e-02,8.926670326767100150e+00,-3.544571411653012483e+00,-5.524425772878931440e+00,-1.148064504315076707e-02,-1.220725570827754458e+00
-4.857568019443544299e-02,8.915555668050863858e+00,-3.383345765348902745e+00,-5.664389632962164356e+00,2.205051977650925032e-03,-1.236027709694043075e+00
-3.467347540138823042e-02,8.907386012306785616e+00,-3.220490990879908200e+00,-5.809353007612414466e+00,1.560438455109185336e-02,-1.250937835352802230e+00
-2.147816361460542361e-02,8.900684248554856737e+00,-3.055672412010621120e+00,-5.958291485176477664e+00,2.832681636188696256e-02,-1.265329792800975239e+00
-9.181065082692679499e-03,8.893223254119469345e+00,-2.888867720627440239e+00,-6.109103616140951765e+00,4.017825984496720126e-02,-1.279091166760265130e+00
2.306597037932530889e-03,8.882337433560513418e+00,-2.720192685088616891e+00,-6.259063144439282134e+00,5.124189183870771214e-02,-1.292159668817008056e+00
1.331977839353747431e-02,8.865561906460907693e+00,-2.549586473760094396e+00,-6.405752008167827860e+00,6.184614834545732603e-02,-1.304545507748785971e+00
2.433073185603418925e-02,8.841188913224925727e+00,-2.376545575326970194e+00,-6.547893025694476954e+00,7.245753229847852472e-02,-1.316320906399646384e+00
3.585574307265859684e-02,8.808381628538437980e+00,-2.200045533240468032e+00,-6.685574585058462027e+00,8.358803872562811654e-02,-1.327586426651234941e+00
4.842401609580977012e-02,8.766907502501142702e+00,-2.018593395342640484e+00,-6.819962456378121374e+00,9.576391493551700274e-02,-1.338439263063315954e+00
6.259941883303742072e-02,8.716768066362556411e+00,-1.830277162064985585e+00,-6.952896518365180079e+00,1.095469864263843296e-01,-1.348956677019702344e+00
7.903523827881703268e-02,8.657896935261206295e+00,-1.632731563339834047e+00,-7.086626928658244395e+00,1.255890067600332893e-01,-1.359192366016770404e+00
9.855677716430824575e-02,8.589945900423360925e+00,-1.422991389117002070e+00,-7.223744942927804225e+00,1.447139361619636799e-01,-1.369179206168960494e+00
1.222832849979431369e-01,8.512111050378274868e+00,-1.197210096673087198e+00,-7.367287113401184584e+00,1.680396160527718730e-01,-1.378934048173244165e+00
1.518155768451757148e-01,8.422941401758002655e+00,-9.502041437390240652e-01,-7.520996531486749959e+00,1.971651490174696486e-01,-1.388463444774915123e+00
1.895257700503326648e-01,8.320093310235630923e+00,-6.747945778252708582e-01,-7.689731729155074191e+00,2.344603927023184153e-01,-1.397772408717583348e+00
2.389458263604701260e-01,8.200110100865172669e+00,-3.611686324469366993e-01,-7.879873112305439520e+00,2.834543535205819587e-01,-1.406884257002696481e+00
3.048814861988645708e-01,8.058935974075895459e+00,1.971190160068525543e-03,-8.098642178484908527e+00,3.489497467339614523e-01,-1.415895462741183941e+00
3.909238268767528113e-01,7.896565264926399763e+00,4.160128511432960030e-01,-8.347196056469439185e+00,4.345389363367865299e-01,-1.425113634220220860e+00
4.882855771873176320e-01,7.731691203809830881e+00,8.365285714329835365e-01,-8.599089271086349129e+00,5.314533116961873693e-01,-1.435150645619635457e+00
5.730137914731640025e-01,7.594894787707328732e+00,1.191573231126688004e+00,-8.812330888150045283e+00,6.157711696020591319e-01,-1.446135388556786916e+00
6.389902716402937610e-01,7.486015079206725709e+00,1.484391389463409983e+00,-8.990326504446761291e+00,6.813765145167319792e-01,-1.457395062758597426e+00
6.912960686463268667e-01,7.395985552229512372e+00,1.738082684940946088e+00,-9.147456712248596133e+00,7.333383309509240444e-01,-1.468570747262370801e+00
7.341924137974376041e-01,7.319468076930595757e+00,1.966465306631193233e+00,-9.292367311324536416e+00,7.759085027922842936e-01,-1.479570189884292342e+00
7.704374754058886943e-01,7.253602872535924284e+00,2.177591730358132693e+00,-9.430326616272122209e+00,8.118391509388845906e-01,-1.490388890246981735e+00
8.018421528177117619e-01,7.196835892860828032e+00,2.376604812943331257e+00,-9.564951817702844750e+00,8.429372232177323454e-01,-1.501051013047363991e+00
8.296696159304813856e-01,7.148308505355721820e+00,2.567079447871075448e+00,-9.698956995224193633e+00,8.704631940010458813e-01,-1.511590978481453185e+00
8.548777350476050030e-01,7.107469891537153472e+00,2.751644950526325850e+00,-9.834395653877406218e+00,8.953729671984151928e-01,-1.522046032821596118e+00
8.782653375728649570e-01,7.073729461218914771e+00,2.932247201960566318e+00,-9.972582618882089633e+00,9.184637481330305553e-01,-1.532449503201856578e+00
9.005418329001984024e-01,7.046093056285020140e+00,3.110214981978315141e+00,-1.011380958477826120e+01,9.404433134643175318e-01,-1.542820413504390364e+00
9.223029051366034015e-01,7.022882353656696885e+00,3.286271208241395847e+00,-1.025709697134568543e+01,9.619053711704698140e-01,-1.553150482190402082e+00
9.439032815259617015e-01,7.001782703510012418e+00,3.460660063333292236e+00,-1.040039087368597315e+01,9.832021887622794942e-01,-1.563398077181913814e+00
9.653113233583439090e-01,6.980344287886199872e+00,3.633469659639521510e+00,-1.054139235841883426e+01,1.004299514591728615e+00,-1.573501836662845710e+00
9.861175410352567283e-01,6.956616444153088885e+00,3.804989480347774844e+00,-1.067853039231278878e+01,1.024785882678897808e+00,-1.583410394437508417e+00
1.005752763246580139e+00,6.929429585095964406e+00,3.975875764855742123e+00,-1.081138197359041619e+01,1.044091482144970051e+00,-1.593104458286016101e+00
1.023749018624816598e+00,6.898254117298630028e+00,4.147116651664020992e+00,-1.094048022111256735e+01,1.061749111932201561e+00,-1.602596167657873050e+00
1.039867203450946409e+00,6.862907245643592447e+00,4.319939378937462493e+00,-1.106692625760846660e+01,1.077521376693908017e+00,-1.611914456611092783e+00
1.054081279526723147e+00,6.823312888057168735e+00,4.495756964595427618e+00,-1.119210039411904134e+01,1.091384315221129331e+00,-1.621090958918683489e+00
1.066501140923279189e+00,6.779354610555185623e+00,4.676174681775382425e+00,-1.131752742714541426e+01,1.103449894628395489e+00,-1.630152212649209620e+00
1.077297764275352288e+00,6.730791298696146896e+00,4.863047476138530278e+00,-1.144485523989384390e+01,1.113891027474338102e+00,-1.639116993925310961e+00
1.086651565792099872e+00,6.677202103793661081e+00,5.058578606662041288e+00,-1.157590384171109221e+01,1.122889975059372825e+00,-1.647996097655859415e+00
1.094721272870739170e+00,6.617941765293815948e+00,5.265450021945405901e+00,-1.171275765567455629e+01,1.130607400299510790e+00,-1.656792636613460878e+00
1.101623860748504047e+00,6.552107382526317636e+00,5.486954110906455462e+00,-1.185787377415974220e+01,1.137162637105956886e+00,-1.665501746592511489e+00
1.107415788189000327e+00,6.478559003130072824e+00,5.727006864390146390e+00,-1.201413187367263724e+01,1.142615509649394623e+00,-1.674108933640072738e+00
1.112067014451467495e+00,6.396151446010709840e+00,5.989628534152843464e+00,-1.218457375444921276e+01,1.146941375264665330e+00,-1.682586447704864430e+00
1.115427354726774123e+00,6.304623326823595164e+00,6.276712999391307335e+00,-1.237109875109058166e+01,1.149999053374229696e+00,-1.690888459165422297e+00
1.117229073435576092e+00,6.206878673011655856e+00,6.582121440393245315e+00,-1.257084458285407536e+01,1.151534368379971918e+00,-1.698953659297763652e+00
1.117270472568159256e+00,6.111480007758741451e+00,6.885211921163075566e+00,-1.277204121299259754e+01,1.151358944203715096e+00,-1.706741039688114636e+00
1.115749354012570693e+00,6.028512294981933195e+00,7.161875985052036597e+00,-1.296057343129452555e+01,1.149671372472674813e+00,-1.714290702867535598e+00
1.113144834053015009e+00,5.961434913358690579e+00,7.405715314001330540e+00,-1.313309269075661767e+01,1.146939274653371976e+00,-1.721696641769120184e+00
1.109834694966778113e+00,5.908966640462439024e+00,7.622544573656274913e+00,-1.329379420678122870e+01,1.143529416377445651e+00,-1.729028124279887724e+00
1.106050040944579260e+00,5.869361254894688962e+00,7.819187369734668103e+00,-1.344756649851248120e+01,1.139665751968671925e+00,-1.736316921858213291e+00
1.101956992901516497e+00,5.841526728566305060e+00,8.000752883236412316e+00,-1.359832616642880510e+01,1.135509195886517997e+00,-1.743569583909251763e+00
1.097715425105256548e+00,5.825003228441082648e+00,8.170814585965267440e+00,-1.374912938121553729e+01,1.131214552781422578e+00,-1.750774729397824858e+00
1.093514383257570000e+00,5.819793823092490825e+00,8.331881153115915595e+00,-1.390244932335628292e+01,1.126964696376035135e+00,-1.757905587006836967e+00
1.089593005687755634e+00,5.826212079079435391e+00,8.485739747886068329e+00,-1.406035260342607174e+01,1.122990642346770818e+00,-1.764921372357734164e+00
1.086244584881100206e+00,5.844740739099456128e+00,8.633673347363375328e+00,-1.422456411947096733e+01,1.119575262749151312e+00,-1.771771001678595914e+00
1.083793063241696775e+00,5.875874494349226040e+00,8.776596611077168930e+00,-1.439643495701469966e+01,1.117030332263775128e+00,-1.778402916187039384e+00
1.082531893197498762e+00,5.919926853644447817e+00,8.915144958256512098e+00,-1.457682741371103496e+01,1.115637254331303341e+00,-1.784783623200632663e+00
1.082633501168079215e+00,5.976801940237978172e+00,9.049741028646574037e+00,-1.476594411298341747e+01,1.115559543724641056e+00,-1.790922270214667211e+00
1.084070465562114061e+00,6.045767537901653554e+00,9.180657820868175278e+00,-1.496316172638281117e+01,1.116766874187324010e+00,-1.796889745521659254e+00
1.086604351356444287e+00,6.125304966110983962e+00,9.308096915552283690e+00,-1.516696957908700760e+01,1.119024727393582497e+00,-1.802816756572058976e+00
1.089860818510926421e+00,6.213123055836953235e+00,9.432293681553701958e+00,-1.537511501876252495e+01,1.121967526061238507e+00,-1.808865465619994506e+00
1.093447319480668423e+00,6.306373800480185920e+00,9.553636783702112112e+00,-1.558497411986326853e+01,1.125212918866186795e+00,-1.815187585562169081e+00
1.097049790411947168e+00,6.402005403620866453e+00,9.672757299101991890e+00,-1.579402441278764613e+01,1.128455628161754598e+00,-1.821889818616275747e+00
1.100478404908235008e+00,6.497111541928049405e+00,9.790541839535077173e+00,-1.600022024377859253e+01,1.131511771226758611e+00,-1.829018598813635821e+00
1.103671011113434686e+00,6.589158928611645649e+00,9.908067618506747110e+00,-1.620214915562713998e+01,1.134321882860371167e+00,-1.836562137319148524e+00
1.106673956943444281e+00,6.676070290510865313e+00,1.002650245829850562e+01,-1.639899732047062386e+01,1.136931736489248834e+00,-1.844461377149241077e+00
1.109611089096032455e+00,6.756212064002299122e+00,1.014701821002253546e+01,-1.659043081138798570e+01,1.139461602502567894e+00,-1.852623846818760356e+00
1.112642680200693013e+00,6.828344868240931120e+00,1.027074181542357145e+01,-1.677647988904021048e+01,1.142065971771665245e+00,-1.860939026296652088e+00
1.115918177720453874e+00,6.891568778022855390e+00,1.039874519523604235e+01,-1.695746083768516144e+01,1.144887834568061979e+00,-1.869295034609494754e+00
1.119536345182879256e+00,6.945269949067290227e+00,1.053206667573907396e+01,-1.713393468133409669e+01,1.148020702620649036e+00,-1.877593895088589981e+00
1.123528776398641682e+00,6.989063301852394439e+00,1.067175770983766903e+01,-1.730669116999698787e+01,1.151493487526878745e+00,-1.885760709895369258e+00
1.127870145453025774e+00,7.022726162542070938e+00,1.081895098507286690e+01,-1.747674877447179753e+01,1.155280993414798285e+00,-1.893744418514438088e+00
1.132503037962884207e+00,7.046122978433336570e+00,1.097494764923549582e+01,-1.764536797196238993e+01,1.159328042272027570e+00,-1.901512283009533677e+00
1.137361790298630826e+00,7.059124656925086505e+00,1.114132439584743572e+01,-1.781408148506721645e+01,1.163572312012038923e+00,-1.909042260838191840e+00
1.142386914627481209e+00,7.061525819170624274e+00,1.132006518763885339e+01,-1.798474925431501603e+01,1.167958032695724624e+00,-1.916316220883663490e+00
1.147528994262967394e+00,7.052962582414012971e+00,1.151372239344350312e+01,-1.815964592883024054e+01,1.172439719321177298e+00,-1.923314954013961131e+00
1.152742972242565500e+00,7.032839667525033533e+00,1.172559449353580163e+01,-1.834157828117140809e+01,1.176977081764821964e+00,-1.930014948562333910e+00
1.157970526452193782e+00,7.000306487412195189e+00,1.195982883947067243e+01,-1.853398369229067200e+01,1.181519323255756815e+00,-1.936387435918118349e+00
1.163099637709254619e+00,6.954431075613375590e+00,1.222107713270583140e+01,-1.874079054687310375e+01,1.185969312738099246e+00,-1.942403097606260509e+00
1.167876328887327286e+00,6.895043191572442609e+00,1.251248452596498062e+01,-1.896529141991142708e+01,1.190105437485656781e+00,-1.948054019892863753e+00
1.171752550007936877e+00,6.825273393380379972e+00,1.282929661301042223e+01,-1.920629436085316755e+01,1.193446505834166116e+00,-1.953418253702443597e+00
1.173848502035071295e+00,6.755439001889280703e+00,1.314889051639480577e+01,-1.945183642987932515e+01,1.195216554366057116e+00,-1.958758820911546294e+00
1.173528998684554292e+00,6.699782293156476776e+00,1.343929594501826053e+01,-1.968400021855187632e+01,1.194852615274250685e+00,-1.964449714110471756e+00
1.170942033711444230e+00,6.664546743380435956e+00,1.368944462748704360e+01,-1.989735496689211303e+01,1.192482499029956511e+00,-1.970685845779233558e+00
1.166453530371831970e+00,6.648886177486287963e+00,1.390554834974528298e+01,-2.009679955617784586e+01,1.188426992610071453e+00,-1.977499272710883771e+00
1.160254119537723838e+00,6.650984594749687062e+00,1.409524718369927143e+01,-2.028790076821589494e+01,1.182852188156544582e+00,-1.984906529166724942e+00
1.152367920756326436e+00,6.669645417861727488e+00,1.426387256760007638e+01,-2.047463735236767590e+01,1.175776872618301994e+00,-1.992952050820320231e+00
1.142695553723781066e+00,6.704210633807941910e+00,1.441476921917869625e+01,-2.065957738950333322e+01,1.167110334972234931e+00,-2.001716249563301631e+00
1.131020896052932434e+00,6.754286035633854546e+00,1.454992585205721944e+01,-2.084420598730668672e+01,1.156658253446525064e+00,-2.011324018144124981e+00
1.116987392738190144e+00,6.819506306674328222e+00,1.467041801374452170e+01,-2.102912195232603665e+01,1.144101836539086925e+00,-2.021959013805576966e+00
1.100053758331260845e+00,6.899358734428802542e+00,1.477669738367852936e+01,-2.121414928462241178e+01,1.128959070549064636e+00,-2.033882265756607577e+00
1.079437451144246163e+00,6.993070544430541879e+00,1.486879174310332274e+01,-2.139842977056426676e+01,1.110535721285107247e+00,-2.047452133228730098e+00
1.054052613529794957e+00,7.099570508166757499e+00,1.494645229471353609e+01,-2.158054125759992559e+01,1.087872299362164785e+00,-2.063142731689498355e+00
1.022453388277132502e+00,7.217528701454532403e+00,1.500925862525664556e+01,-2.175865165378012733e+01,1.059696975061994673e+00,-2.081555887913371983e+00
9.828209378068463176e-01,7.345453140023823657e+00,1.505667415137364529e+01,-2.193067581549987466e+01,1.024418733246172497e+00,-2.103409310360958795e+00
9.331152362995316363e-01,7.481780098036250770e+00,1.508804437410931776e+01,-2.209436378539756873e+01,9.802679754367515930e-01,-2.129447561516907506e+00
8.716901857318303248e-01,7.624840327594571754e+00,1.510256146102349639e+01,-2.224723534113668677e+01,9.258466296728304901e-01,-2.160150667022632476e+00
7.988528204467542082e-01,7.772550047685484742e+00,1.509929958094019042e+01,-2.238633691424051264e+01,8.615033144573077672e-01,-2.195062538104683103e+00
7.192692565198952614e-01,7.921869974298223482e+00,1.507751939383096840e+01,-2.250807762521361610e+01,7.914251320461945793e-01,-2.231870338999789816e+00
6.424562230262691465e-01,8.068807733981378405e+00,1.503728854103373180e+01,-2.260889428042494487e+01,7.240000185706116920e-01,-2.266496853448266346e+00
5.777122438764047407e-01,8.209822670928392796e+00,1.497986244734873118e+01,-2.268689781367356773e+01,6.673131139956500757e-01,-2.295492408334183665e+00
5.284145890563343162e-01,8.343184134604076263e+00,1.490720368718362465e+01,-2.274253225499194286e+01,6.242029591932528598e-01,-2.318147697151116571e+00
4.928296977349748698e-01,8.468695708601497785e+00,1.482117232902544046e+01,-2.277746930676421755e+01,5.930638987192018430e-01,-2.335650839598095718e+00
4.676721558646411703e-01,8.586863208135202541e+00,1.472320722565464024e+01,-2.279356990554147444e+01,5.709832718218906811e-01,-2.349497265872413809e+00
4.500050457397372083e-01,8.698445476492461026e+00,1.461439175829949910e+01,-2.279257812523542626e+01,5.553845105876719090e-01,-2.360851089332858699e+00
4.376511400905636617e-01,8.804311690556186676e+00,1.449555401714358460e+01,-2.277610435416546864e+01,5.443684939093406117e-01,-2.370505848656204950e+00
4.290926008455432372e-01,8.905399348704392537e+00,1.436729705093321208e+01,-2.274561697315949260e+01,5.366164478472670307e-01,-2.378986474084972436e+00
4.232915019217198260e-01,9.002691560146958594e+00,1.422997813048078974e+01,-2.270239614457460320e+01,5.312291210995778723e-01,-2.386642723159740687e+00
4.195425943029002513e-01,9.097200160792121792e+00,1.408366714934791908e+01,-2.264747143980019217e+01,5.275966595811061310e-01,-2.393712691745859544e+00
4.173702501371345241e-01,9.189958680106432354e+00,1.392809964143322077e+01,-2.258156390809557479e+01,5.253081043426127694e-01,-2.400363207731056381e+00
4.164605415577358194e-01,9.282028469417666017e+00,1.376262820534589792e+01,-2.250503959388346686e+01,5.240919279673894593e-01,-2.406715576628820852e+00
4.166186764218231531e-01,9.374516368375642728e+00,1.358617388745905252e+01,-2.241787390487849407e+01,5.237787473547473871e-01,-2.412862628758123407e+00
4.177449964045862330e-01,9.468595035636202084e+00,1.339719117296848161e+01,-2.231963075417749565e+01,5.242800946652500516e-01,-2.418880927325151475e+00
4.198255381352563598e-01,9.565501209324621001e+00,1.319370188442283975e+01,-2.220948584028155892e+01,5.255796034959393515e-01,-2.424840765775820639e+00
4.229343702658358017e-01,9.666445965935958284e+00,1.297356574663095330e+01,-2.208639473652080554e+01,5.277340385387331301e-01,-2.430815770886661564e+00
4.272413001636975460e-01,9.772276665129298934e+00,1.273541100255614289e+01,-2.194967038145883720e+01,5.308786095159765406e-01,-2.436892220024948763e+00
4.330012978691912262e-01,9.882609922358199128e+00,1.248097264778181881e+01,-2.180045109973732664e+01,5.352168236185350647e-01,-2.443171524800703320e+00
4.404685987716142614e-01,9.994459941233930778e+00,1.221876287082022294e+01,-2.164405356322049201e+01,5.409481537128097983e-01,-2.449741808907099028e+00
4.497174250061162781e-01,1.010217585912571359e+01,1.196419225577028200e+01,-2.149018242747558105e+01,5.481204636350451853e-01,-2.456592583276172359e+00
4.605901008626658855e-01,1.020100803220983288e+01,1.172997960489775160e+01,-2.134700108012466302e+01,5.565902766359258624e-01,-2.463551742916129328e+00
4.729149871914511971e-01,1.028996410067913558e+01,1.151860712039709611e+01,-2.121628709690060433e+01,5.662040107712278392e-01,-2.470369898604992898e+00
4.866575268855423131e-01,1.037025912095383973e+01,1.132659111932874474e+01,-2.109598706233463972e+01,5.769206977692480365e-01,-2.476824025348507430e+00
5.019054223098488032e-01,1.044341874056952513e+01,1.114958011848246855e+01,-2.098340369955916884e+01,5.887978210358755238e-01,-2.482728945381811325e+00
5.188298941637409234e-01,1.051067486044117416e+01,1.098396082296453891e+01,-2.087623141862169973e+01,6.019581772815145726e-01,-2.487913458705265590e+00
5.376681477758239458e-01,1.057292128809868714e+01,1.082697158475219013e+01,-2.077265077599312093e+01,6.165743935152117050e-01,-2.492198481824915657e+00
5.587215607817314078e-01,1.063078695782091643e+01,1.067651117608775202e+01,-2.067122459052285421e+01,6.328662336800509047e-01,-2.495380165845709097e+00
5.823626109296188291e-01,1.068471230951002049e+01,1.053095053433695583e+01,-2.057079396519601033e+01,6.511047943322388898e-01,-2.497214797443090273e+00
6.090469805105036549e-01,1.073501271122332312e+01,1.038899598899162768e+01,-2.047040986412769215e+01,6.716205745811123506e-01,-2.497402982781330660e+00
6.393283787504596694e-01,1.078193432169301147e+01,1.024959901795310380e+01,-2.036930230920198071e+01,6.948133812040183654e-01,-2.495571807749354942e+00
6.738720380280006639e-01,1.082571099521531188e+01,1.011190206825108362e+01,-2.026688599414103109e+01,7.211608944994661874e-01,-2.491255237102492526e+00
7.134570317383118754e-01,1.086662903987645201e+01,9.975212972372201392e+00,-2.016280155612878744e+01,7.512184057752365751e-01,-2.483876399414219893e+00
7.589431691164630900e-01,1.090509942276707100e+01,9.839002490267702683e+00,-2.005698548113278079e+01,7.855915764050501737e-01,-2.472743712028842467e+00
8.111478048308995437e-01,1.094171799326402095e+01,9.702916706339792086e+00,-1.994973803749441643e+01,8.248417258342515268e-01,-2.457091734136820804e+00
8.705308584443204323e-01,1.097725771594613953e+01,9.566785606423870547e+00,-1.984170940797062599e+01,8.692492239972854362e-01,-2.436231851411544191e+00
9.365803791375351128e-01,1.101250584735697124e+01,9.430594725480244023e+00,-1.973367940985549751e+01,9.183588335486772003e-01,-2.409903486930086824e+00
1.007041970911857653e+00,1.104794222425202399e+01,9.294393610289946039e+00,-1.962611012738248206e+01,9.704208195798299519e-01,-2.378810032695455767e+00
1.077799501029584661e+00,1.108355595449753395e+01,9.158183327615986968e+00,-1.951885050047138037e+01,1.022330561037241070e+00,-2.344926129288121164e+00
1.144290960068733209e+00,1.111919748274244313e+01,9.021898938353128727e+00,-1.941153932404734661e+01,1.070704942232578727e+00,-2.310928079730024454e+00
1.203505162897434255e+00,1.115514444129988370e+01,8.885488540264807611e+00,-1.930432980058212777e+01,1.113359978643906567e+00,-2.279011665493833050e+00
1.254591321380119195e+00,1.119215561350492116e+01,8.748920016233789454e+00,-1.919795634310830934e+01,1.149735113467611924e+00,-2.250260461085216157e+00
1.298106812332882498e+00,1.123109896645888384e+01,8.612082548744327326e+00,-1.909321841107546547e+01,1.180310945785232324e+00,-2.224856593618222966e+00
1.335131421790693995e+00,1.127265903681451320e+01,8.474705037048007483e+00,-1.899057041892993780e+01,1.205942330902365578e+00,-2.202532795528723497e+00
1.366777843703626427e+00,1.131727347457478672e+01,8.336339910568337785e+00,-1.889003075363781292e+01,1.227494732374065922e+00,-2.182879764642175147e+00
1.394014575908172571e+00,1.136519682259268826e+01,8.196379832890835715e+00,-1.879126372252036958e+01,1.245715511527645702e+00,-2.165487218307150741e+00
1.417633685476615613e+00,1.141659123666941511e+01,8.054072756108954678e+00,-1.869368981496714710e+01,1.261212974273541398e+00,-2.149992691685468138e+00
1.438268374579730446e+00,1.147160294570412553e+01,7.908520668813574517e+00,-1.859656480951777269e+01,1.274471802464174575e+00,-2.136091261497574223e+00
1.456421480447127381e+00,1.153041853013406559e+01,7.758658939605769689e+00,-1.849901816530678289e+01,1.285875975029203477e+00,-2.123531529911821814e+00
1.472491826790046643e+00,1.159330708270693933e+01,7.603216443843934691e+00,-1.840005730703579090e+01,1.295729620354614031e+00,-2.112108143836628926e+00
1.486794938789977039e+00,1.166065560376313393e+01,7.440657179639394769e+00,-1.829854632286612670e+01,1.304273384040553596e+00,-2.101654716201587725e+00
1.499577541691654581e+00,1.173300217119045463e+01,7.269106662221343385e+00,-1.819316728132254468e+01,1.311696045235526409e+00,-2.092038678576038091e+00
1.511025551538950795e+00,1.181106495593998496e+01,7.086278199938367273e+00,-1.808237759075510098e+01,1.318141340831382902e+00,-2.083159075597137644e+00
1.521264337407045808e+00,1.189574928075120219e+01,6.889452775509648852e+00,-1.796439928864796798e+01,1.323709324003035981e+00,-2.074948793164490102e+00
1.530348434394831925e+00,1.198807337061283107e+01,6.675675746252531795e+00,-1.783734317458711160e+01,1.328450497445010869e+00,-2.067383931013010656e+00
1.538237501622828685e+00,1.208885595395069501e+01,6.442595929485342765e+00,-1.769973276182129851e+01,1.332350678745699346e+00,-2.060503902447210933e+00
1.544765690161301164e+00,1.219786884514416592e+01,6.190753618948646064e+00,-1.755192755773589397e+01,1.335311377609202710e+00,-2.054439786544603574e+00
1.549657460886751936e+00,1.231239263504408576e+01,5.927499084489580738e+00,-1.739855156543927706e+01,1.337160739354462224e+00,-2.049415637955565028e+00
1.552695829003314820e+00,1.242686107177576460e+01,5.668013501933915954e+00,-1.724910871613705154e+01,1.337765028847870630e+00,-2.045638643572330384e+00
1.553947855752030760e+00,1.253622664697556210e+01,5.426328170421215624e+00,-1.711241092107115236e+01,1.337177657486462445e+00,-2.043122248406664898e+00
1.553679892667687579e+00,1.263920461544886464e+01,5.206641162225076336e+00,-1.699125133372585594e+01,1.335583069409150170e+00,-2.041717887876594695e+00
1.552109152052476349e+00,1.273702619257467461e+01,5.006638778508578191e+00,-1.688450214518899983e+01,1.333132865127631073e+00,-2.041290776470545687e+00
1.549318846480805645e+00,1.283147416969918986e+01,4.822730817650763058e+00,-1.679034865601968107e+01,1.329890522203806880e+00,-2.041792780372549743e+00
1.545270129189812547e+00,1.292418678661114662e+01,4.651917563036626291e+00,-1.670743520130699622e+01,1.325840339163881110e+00,-2.043261551380669783e+00
1.539815958889088066e+00,1.301657545875705857e+01,4.492033910410302866e+00,-1.663501752558154223e+01,1.320897868718411416e+00,-2.045814043314232222e+00
1.532696425567106946e+00,1.310988480712767590e+01,4.341616534401116390e+00,-1.657288684756726482e+01,1.314908511451104101e+00,-2.049651860479857035e+00
1.523514283723870433e+00,1.320526040352564223e+01,4.199741662173861023e+00,-1.652127408468422587e+01,1.307633774687874340e+00,-2.055080686362310782e+00
1.511688537398195198e+00,1.330379725459542151e+01,4.065893991150413278e+00,-1.648076593209852447e+01,1.298724272006734459e+00,-2.062545945303249528e+00
1.496379892083102847e+00,1.340656685858418307e+01,3.939861510552572277e+00,-1.645222426199209664e+01,1.287676146578544678e+00,-2.072689464488730593e+00
1.476377619867435875e+00,1.351462657032134906e+01,3.821640877831383065e+00,-1.643669603169044535e+01,1.273765206710330666e+00,-2.086434697057105936e+00
1.449934726971330523e+00,1.362901962597924310e+01,3.711341945856130309e+00,-1.643530906152669147e+01,1.255951890130993176e+00,-2.105109193028248171e+00
1.414546060593907750e+00,1.375078014032607854e+01,3.609090413916008266e+00,-1.644916511845824658e+01,1.232755695972159726e+00,-2.130604968172383096e+00
1.366718865949367201e+00,1.388095418307951334e+01,3.514944281214277932e+00,-1.647925646514774911e+01,1.202132156901332349e+00,-2.165530652952141200e+00
1.302018879763706005e+00,1.402059228147093961e+01,3.428863777551063752e+00,-1.652640821175437580e+01,1.161526585865517269e+00,-2.213121677142794397e+00
1.216440021890548451e+00,1.417044266570042232e+01,3.350804004938430225e+00,-1.659108382230994039e+01,1.108728654068104946e+00,-2.276085660561393276e+00
1.111507122318366791e+00,1.432963000615996130e+01,3.280970943847000498e+00,-1.667249294918170932e+01,1.044910790111329923e+00,-2.352595405197960066e+00
1.002369300779452965e+00,1.449346187634219163e+01,3.219829570390848605e+00,-1.676679234634893945e+01,9.792324036558939238e-01,-2.430389967811959817e+00
9.117358465409297619e-01,1.465516666583577177e+01,3.166865208410795773e+00,-1.686755518062520309e+01,9.248819349508532461e-01,-2.492451127056290794e+00
8.482018427659622217e-01,1.481144835104686841e+01,3.119849991726860949e+00,-1.696974820992539534e+01,8.864674993381741475e-01,-2.533663306335726340e+00
8.070600150970893560e-01,1.496218268793513317e+01,3.076383769963654924e+00,-1.707078592560018748e+01,8.609707365712038207e-01,-2.558686098639729067e+00
7.816954741763429970e-01,1.510792335627540162e+01,3.034708085842229508e+00,-1.716925227933113973e+01,8.444492242919927616e-01,-2.572843576239947527e+00
7.673121643724372110e-01,1.524906519245935677e+01,2.993580645407523999e+00,-1.726412097123890632e+01,8.340967152986726862e-01,-2.579707278365521717e+00
7.608744763327371929e-01,1.538578530397843203e+01,2.952075752443707568e+00,-1.735451790301403463e+01,8.281505012333810756e-01,-2.581422681430388000e+00
7.605205431027549645e-01,1.551812378504025425e+01,2.909468630051021965e+00,-1.743967355802023889e+01,8.255304126303544265e-01,-2.579251564157340137e+00
7.651241091087088719e-01,1.564605632719220196e+01,2.865175956949002956e+00,-1.751892380610854971e+01,8.255783903736142459e-01,-2.573925163381943104e+00
7.740262789210955452e-01,1.576954289714361757e+01,2.818725208323579867e+00,-1.759171991988846884e+01,8.279011273447045571e-01,-2.565845050128126914e+00
7.868772589752065505e-01,1.588855877206747813e+01,2.769738265832620616e+00,-1.765763843618852036e+01,8.322778007536747458e-01,-2.555195112933015711e+00
8.035421297955147590e-01,1.600311444461376098e+01,2.717921750174214335e+00,-1.771638851659486136e+01,8.386052606639017304e-01,-2.542004612602751124e+00
8.240425353121716423e-01,1.611326833702818817e+01,2.663059740982518520e+00,-1.776781551234717682e+01,8.468641567681683968e-01,-2.526184653047968798e+00
8.485170887478935553e-01,1.621913417760748288e+01,2.605006130730014746e+00,-1.781189924579947714e+01,8.570961236160267172e-01,-2.507550964965651996e+00
8.771886655764434826e-01,1.632088357128018785e+01,2.543674893221532063e+00,-1.784874539648011904e+01,8.693854632842742403e-01,-2.485841602711816201e+00
9.103286304940432228e-01,1.641874359463972866e+01,2.479027528874137687e+00,-1.787856871071011255e+01,8.838400700114115160e-01,-2.460736906779242616e+00
9.482080094010187921e-01,1.651298903350838287e+01,2.411058075656594912e+00,-1.790166764157009638e+01,9.005665687444935896e-01,-2.431889642156720210e+00
9.910254871123691522e-01,1.660392911716571618e+01,2.339777354412210464e+00,-1.791839149514743923e+01,9.196347527093994279e-01,-2.398974352596182413e+00
1.038805014771083668e+00,1.669188941768558365e+01,2.265199355712936402e+00,-1.792910327807538451e+01,9.410279435362781664e-01,-2.361764396413447820e+00
1.091266796210668133e+00,1.677719130774378442e+01,2.187333325913254800e+00,-1.793414425149682145e+01,9.645812744827749752e-01,-2.320238628308969986e+00
1.147699195107978465e+00,1.686013414839885627e+01,2.106184105354243830e+00,-1.793380906753542803e+01,9.899213127950764468e-01,-2.274702102213884469e+00
1.206891153696385333e+00,1.694098794745004710e+01,2.021759458686086308e+00,-1.792834078678156473e+01,1.016435653526136740e+00,-2.225876913383566968e+00
1.267198920779206706e+00,1.702000289316819703e+01,1.934077209357498273e+00,-1.791794885320673814e+01,1.043307613851898186e+00,-2.174898232975412515e+00
1.326777900968647117e+00,1.709743367162247552e+01,1.843161609264030165e+00,-1.790283952476654150e+01,1.069630232470453635e+00,-2.123171529744582564e+00
1.383911099640700026e+00,1.717356545552962288e+01,1.749023107012125156e+00,-1.788323708479682494e+01,1.094566047498737094e+00,-2.072122446373231064e+00
1.437291239808139220e+00,1.724872703758184400e+01,1.651626287070421695e+00,-1.785937909628325215e+01,1.117483576400268186e+00,-2.022945876913716745e+00
1.486145999453685862e+00,1.732328798442777185e+01,1.550856943508365449e+00,-1.783148756080247921e+01,1.138017177372533162e+00,-1.976458331960442294e+00
1.530201125776780025e+00,1.739764820265460799e+01,1.446496014732528312e+00,-1.779973134685515745e+01,1.156047821557030231e+00,-1.933082187527204399e+00
1.569551934927002845e+00,1.747222966519114351e+01,1.338201135195154601e+00,-1.776419378149870454e+01,1.171639056123485512e+00,-1.892919971813982860e+00
1.604518764549847321e+00,1.754747479860133197e+01,1.225492435790533019e+00,-1.772485038871904450e+01,1.184965093510352618e+00,-1.855858995733628891e+00
1.635529077966652700e+00,1.762385134309834811e+01,1.107739060246199614e+00,-1.768155521372953132e+01,1.196252080451938982e+00,-1.821666061884869015e+00
1.663037367219953877e+00,1.770186144900887726e+01,9.841451702004012647e-01,-1.763403274792937481e+01,1.205738156147457607e+00,-1.790057059725216115e+00
1.687477366257110534e+00,1.778205183396279310e+01,8.537384842812358876e-01,-1.758187492563284593e+01,1.213649654895676777e+00,-1.760741896354502067e+00
1.709236250089232412e+00,1.786501988596661050e+01,7.153722971209324211e-01,-1.752454836668611193e+01,1.220188349936121019e+00,-1.733451249927230542e+00
1.728641236130194159e+00,1.795140551280686125e+01,5.677677654786932315e-01,-1.746142776736085267e+01,1.225524964791086635e+00,-1.707952363286949771e+00
1.745951403641079480e+00,1.804184767179377502e+01,4.096540654556288796e-01,-1.739189123253929026e+01,1.229795362392636093e+00,-1.684059832168119053e+00
1.761350524688637176e+00,1.813686653729892129e+01,2.401136713751972906e-01,-1.731554485826550760e+01,1.233097304778880243e+00,-1.661645229875883256e+00
1.774941702277189615e+00,1.823661912773954441e+01,5.927618234664022712e-02,-1.723266701099241516e+01,1.235488141162898401e+00,-1.640645328330262442e+00
1.786754589077508060e+00,1.834052750520432795e+01,-1.306354258686316383e-01,-1.714487616499579303e+01,1.236988641082007234e+00,-1.621059848023180816e+00
1.796786732276646648e+00,1.844700911294778578e+01,-3.245314781952440275e-01,-1.705563245767154257e+01,1.237603370172909445e+00,-1.602918995951991832e+00
1.805081858263263506e+00,1.855382490408991103e+01,-5.153684394602529029e-01,-1.696968538099293156e+01,1.237358813068687668e+00,-1.586215148531128660e+00
1.811781843138595471e+00,1.865912256031224103e+01,-6.969829130984348531e-01,-1.689130702771945636e+01,1.236328476585220493e+00,-1.570852096563530642e+00
1.817088094263229703e+00,1.876218716551806054e+01,-8.661727726056429599e-01,-1.682297395683119490e+01,1.234614076100762903e+00,-1.556673120266990340e+00
1.821183042150308573e+00,1.886327823094083200e+01,-1.022304524387475100e+00,-1.676558865906157081e+01,1.232307669359448798e+00,-1.543529087306600767e+00
1.824186585282397299e+00,1.896311609866430459e+01,-1.165942534192419666e+00,-1.671932369332095192e+01,1.229470920442675697e+00,-1.531319318651070072e+00
1.826149575581234252e+00,1.906253278166020948e+01,-1.297903226289782497e+00,-1.668421072722995291e+01,1.226132332150717152e+00,-1.519999910737541926e+00
1.827060013075373579e+00,1.916232219525993230e+01,-1.418848481812787554e+00,-1.666039447438200938e+01,1.222290619212257790e+00,-1.509579850158508485e+00
1.826848856703678470e+00,1.926319068430942849e+01,-1.529162658653310691e+00,-1.664820526156680103e+01,1.217917911293659561e+00,-1.500116690866601710e+00
1.825392284885710481e+00,1.936574160403824507e+01,-1.628940645961882261e+00,-1.664815502505185663e+01,1.212961291063521685e+00,-1.491714950954303065e+00
1.822510934509851799e+00,1.947046483468768940e+01,-1.718012312148988530e+00,-1.666090165293351077e+01,1.207342951685056898e+00,-1.484526997846112195e+00
1.817967890388967556e+00,1.957772036399538607e+01,-1.795976646312796632e+00,-1.668719735112848213e+01,1.200959841523838501e+00,-1.478754993332737300e+00
1.811468213775929481e+00,1.968771255558786848e+01,-1.862237333576724829e+00,-1.672782600742128878e+01,1.193684120220373179e+00,-1.474651525092828264e+00
1.802664506073743844e+00,1.980045473475158957e+01,-1.916037343298656603e+00,-1.678353195816206522e+01,1.185366503766378310e+00,-1.472515037365215829e+00
1.791175811415909980e+00,1.991572490182726796e+01,-1.956491239015794692e+00,-1.685494296102743661e+01,1.175845792044442284e+00,-1.472673733532037676e+00
1.776630858243359423e+00,2.003301370395823966e+01,-1.982613982471139291e+00,-1.694249089004122055e+01,1.164969408799361617e+00,-1.475448463242888364e+00
1.758749187528479530e+00,2.015146625229698074e+01,-1.993346208026564703e+00,-1.704633336013292677e+01,1.152630652086346963e+00,-1.481083021440420255e+00
1.737468908899147069e+00,2.026982236598657394e+01,-1.987579815839224606e+00,-1.716627863696797007e+01,1.138825719225018185e+00,-1.489634616032008640e+00
1.713106338596195988e+00,2.038636937993665299e+01,-1.964193927871913825e+00,-1.730171835817866111e+01,1.123722528581633240e+00,-1.500837563772285055e+00
1.686484172201079934e+00,2.049893903548229090e+01,-1.922114117024454449e+00,-1.745158383546643677e+01,1.107711761852868904e+00,-1.513994587858086716e+00
1.658920424397706928e+00,2.060499231323164437e+01,-1.860394483375976460e+00,-1.761436278882502648e+01,1.091392648015876654e+00,-1.527986875766150998e+00
1.632010604551056288e+00,2.070181316796254478e+01,-1.778285680384813272e+00,-1.778822550308590777e+01,1.075467461261505830e+00,-1.541458379928861699e+00
1.607293948014531404e+00,2.078676481408360033e+01,-1.675220450171213349e+00,-1.797128038261174154e+01,1.060590544169547123e+00,-1.553095874878348770e+00
1.586018119001396443e+00,2.085750849930563433e+01,-1.550670223668384251e+00,-1.816191407139029934e+01,1.047268215820901238e+00,-1.561824963876529582e+00
1.569127884783528826e+00,2.091210693260246245e+01,-1.403888173360847258e+00,-1.835913498788592335e+01,1.035860538641834472e+00,-1.566819629684037540e+00
1.557401797599713422e+00,2.094899967880196101e+01,-1.233582024344413330e+00,-1.856286964190124067e+01,1.026646752158537623e+00,-1.567389807314903294e+00
1.551563944973461728e+00,2.096687874257667872e+01,-1.037536965561613567e+00,-1.877421745814945098e+01,1.019878840485419103e+00,-1.562887569559617384e+00
1.552246891977970167e+00,2.096450451549106475e+01,-8.121926002015311674e-01,-1.899569664414592296e+01,1.015773459303275894e+00,-1.552729143015347812e+00
1.559822724200846888e+00,2.094053180534931613e+01,-5.522665074551995623e-01,-1.923146023634162560e+01,1.014451796356798718e+00,-1.536515936879990107e+00
1.574247292567148904e+00,2.089360398379788464e+01,-2.510329234204112248e-01,-1.948713962152643120e+01,1.015886020157840797e+00,-1.514138611737686491e+00
1.594897105020542716e+00,2.082377710482075628e+01,9.605624128765832825e-02,-1.976766917595479356e+01,1.019841118976662742e+00,-1.485895725234407161e+00
1.619789159815153035e+00,2.073811519577399309e+01,4.770697820490052976e-01,-2.006842884810874139e+01,1.025561583444535740e+00,-1.453191982335314325e+00
1.644359502364348913e+00,2.065814763367233908e+01,8.444200979933275120e-01,-2.036292820073086673e+01,1.031252836486675761e+00,-1.419821106167577396e+00
1.664586261342430484e+00,2.060350163042548033e+01,1.156415542201632229e+00,-2.062795035561181578e+01,1.035286280679190707e+00,-1.389554857778892760e+00
1.680345642713429788e+00,2.057460284548887230e+01,1.418777515284438850e+00,-2.086895390442449028e+01,1.037569448390315285e+00,-1.362869331076518975e+00
1.692543639900689900e+00,2.056739619602048919e+01,1.646218517104658163e+00,-2.109637387103100181e+01,1.038430567786004621e+00,-1.339172601386146910e+00
1.701771531584157282e+00,2.057932025391971109e+01,1.848526054561437260e+00,-2.131732441349991802e+01,1.038077284829900471e+00,-1.318051931622655770e+00
1.708260507785341442e+00,2.060908185461633124e+01,2.031693999268552986e+00,-2.153639986231108239e+01,1.036571220534642013e+00,-1.299368634614815443e+00
1.711964284895099109e+00,2.065603944407142833e+01,2.199509036831222009e+00,-2.175662264372094157e+01,1.033856317320601237e+00,-1.283205496600402062e+00
1.712639260301940913e+00,2.071975180893827329e+01,2.354469772521472937e+00,-2.197991261854732414e+01,1.029789444408056864e+00,-1.269803053133765403e+00
1.709974824461222509e+00,2.079962387987364636e+01,2.498325372572689940e+00,-2.220728715001798292e+01,1.024197814821619090e+00,-1.259450576602437311e+00
1.703858574370566537e+00,2.089459730196455922e+01,2.632450634657173438e+00,-2.243895759316906791e+01,1.017003712318268249e+00,-1.252268117745494180e+00
1.694791338093313948e+00,2.100290141630129881e+01,2.758162699661770301e+00,-2.267444076134406927e+01,1.008424750928719194e+00,-1.247872641198151999e+00
1.684180217853395778e+00,2.112197570222897625e+01,2.876977039008205228e+00,-2.291277496563641591e+01,9.991191054281867157e-01,-1.245147097774202294e+00
1.674002222175479115e+00,2.124869951621592179e+01,2.990716695271245840e+00,-2.315285619760282643e+01,9.900272983088358458e-01,-1.242507859993750907e+00
1.665917663531498283e+00,2.137982400108443670e+01,3.101444574828112088e+00,-2.339375386496800857e+01,9.819433502678985848e-01,-1.238596507654431411e+00
1.660713245718080433e+00,2.151226052005990397e+01,3.211324873265781754e+00,-2.363481198742955058e+01,9.752414341230463135e-01,-1.232706371556667957e+00
1.658429172384172645e+00,2.164309097227541301e+01,3.322498620261709057e+00,-2.387551750742704115e+01,9.699346192529112454e-01,-1.224680611168013300e+00
1.658720203961709050e+00,2.176945067792545885e+01,3.436961671161389287e+00,-2.411526077746281871e+01,9.658496591097291972e-01,-1.214638534693277760e+00
1.661093560934026714e+00,2.188844622458022826e+01,3.556438534370747639e+00,-2.435312225731290425e+01,9.627437430779907102e-01,-1.202804264503201770e+00
1.664991624651624091e+00,2.199719258919520115e+01,3.682285875252627516e+00,-2.458779468443921346e+01,9.603464769683200952e-01,-1.189459942606678311e+00
1.669798966324110401e+00,2.209299019138607534e+01,3.815464593544155125e+00,-2.481770358402458854e+01,9.583646198099209368e-01,-1.174959898248645773e+00
1.674852046201798617e+00,2.217359230019302174e+01,3.956596770254942275e+00,-2.504130584876565990e+01,9.564863146598825416e-01,-1.159740045292080080e+00
1.679505338189198227e+00,2.223745262989010385e+01,4.106092623689863608e+00,-2.525745712681488087e+01,9.544100412004651313e-01,-1.144274135757443078e+00
1.683255728852149691e+00,2.228383979197853293e+01,4.264312888121787104e+00,-2.546570650228751731e+01,9.519002784342779355e-01,-1.128972369101072681e+00
1.685855534288547286e+00,2.231276829950812868e+01,4.431738809047497618e+00,-2.566643092549245608e+01,9.488392534830178970e-01,-1.114079609130961712e+00
1.687329610175447581e+00,2.232477676765610042e+01,4.609143699030011199e+00,-2.586081689840531084e+01,9.452360375078829868e-01,-1.099645377763315279e+00
1.687891876500595911e+00,2.232063158491662591e+01,4.797772209764040952e+00,-2.605076324702375246e+01,9.411894922236886396e-01,-1.085574754089189131e+00
1.687833944115745055e+00,2.230103297867439238e+01,4.999537575564277248e+00,-2.623879202207147898e+01,9.368374589854402412e-01,-1.071706340687267112e+00
1.687450465770592212e+00,2.226636569232712048e+01,5.217254652005063775e+00,-2.642803170004567903e+01,9.323221935837362473e-01,-1.057867461447647317e+00
1.687017214926634034e+00,2.221650390436153444e+01,5.454918271968669075e+00,-2.662229436471538691e+01,9.277803739859147303e-01,-1.043893940387588204e+00
1.686812268132062531e+00,2.215069609531398953e+01,5.717938293432449193e+00,-2.682618224404052043e+01,9.233543163983753965e-01,-1.029623384206659775e+00
1.687174183105874858e+00,2.206771465802846066e+01,6.012808825197183182e+00,-2.704487663769275585e+01,9.192230083464695278e-01,-1.014873114897792084e+00
1.688597128519636614e+00,2.196702380372627061e+01,6.344181213649189743e+00,-2.728231012628116403e+01,9.156548827261996593e-01,-9.994175852733884202e-01
1.691796683123865108e+00,2.185277509376408744e+01,6.704471956996566284e+00,-2.753465192481690238e+01,9.130488941656375035e-01,-9.830183932354373821e-01
1.697420998577430007e+00,2.173905707787142205e+01,7.060089253630421169e+00,-2.778181924669076963e+01,9.117834534493933774e-01,-9.656027030359878305e-01
1.705421849937283962e+00,2.164053701698912491e+01,7.376184462939883169e+00,-2.800342808162763220e+01,9.118575281221528162e-01,-9.473418620807274593e-01
1.715413240163113029e+00,2.155873359079537366e+01,7.651984684308684947e+00,-2.820053464825038247e+01,9.130646699321688375e-01,-9.283126109213476473e-01
1.727269395814543973e+00,2.149009346683526545e+01,7.899037113123871023e+00,-2.838143677902968420e+01,9.153320506960275216e-01,-9.084138376099449852e-01
1.741081803870239364e+00,2.143177453154168433e+01,8.126599022654660942e+00,-2.855272791236955143e+01,9.187065654212113186e-01,-8.874727549731646903e-01
1.757041516320942298e+00,2.138206119579370323e+01,8.340964296313341464e+00,-2.871908547089403996e+01,9.232912112113718095e-01,-8.652959083575199051e-01
1.775359149082136323e+00,2.134001071481070966e+01,8.546547029012991459e+00,-2.888403341581665984e+01,9.292003140501632341e-01,-8.417019758895014636e-01
1.796177595242504754e+00,2.130515834221803928e+01,8.746638447519506698e+00,-2.905041898345509566e+01,9.365102995853633594e-01,-8.165703108392751153e-01
1.819448933079930164e+00,2.127727186232404577e+01,8.943820211555420840e+00,-2.922058693605825752e+01,9.451903261694880598e-01,-7.899195252097375164e-01
1.844785089624575214e+00,2.125605713490794457e+01,9.140139801169119949e+00,-2.939626688764776929e+01,9.550181920489774212e-01,-7.620064486991897645e-01
1.871372039372460438e+00,2.124071635810218694e+01,9.337105862710872728e+00,-2.957814332241854061e+01,9.655319389589230861e-01,-7.333805812471475560e-01
1.898129903377839156e+00,2.122935525734880002e+01,9.535572406003623769e+00,-2.976518291927244775e+01,9.761195342817147180e-01,-7.047633108024056181e-01
1.924211075096375678e+00,2.121856674201806214e+01,9.735707008931678175e+00,-2.995423269123353904e+01,9.862983061965863163e-01,-6.766862454302597918e-01
1.949511974805853587e+00,2.120389147215197312e+01,9.937351793257308330e+00,-3.014085256564439774e+01,9.960021966909704538e-01,-6.491275895655690409e-01
1.974690163162422962e+00,2.118127957064211131e+01,1.014075532505256305e+01,-3.032145072966771693e+01,1.005592044524199480e+00,-6.215195206538765005e-01
2.000780789195956366e+00,2.114829404332630602e+01,1.034709288474222078e+01,-3.049493240281706008e+01,1.015641339860024361e+00,-5.930457157082028585e-01
2.028920544104871215e+00,2.110405195048985760e+01,1.055846819164294992e+01,-3.066262229566721231e+01,1.026781404161340117e+00,-5.628407901984111561e-01
2.060342557981962752e+00,2.104842194149957280e+01,1.077773753243360311e+01,-3.082731310994878271e+01,1.039697542426978094e+00,-5.299761054906637625e-01
2.096535739012220567e+00,2.098126974757724739e+01,1.100850539705467668e+01,-3.099254211048974028e+01,1.055217268970329636e+00,-4.933221277554732942e-01
2.139509204876368642e+00,2.090195454352870286e+01,1.125539978580185974e+01,-3.116239204381788852e+01,1.074457956589458973e+00,-4.513325979452227354e-01
2.192201765574183003e+00,2.080894070605643620e+01,1.152467662580919594e+01,-3.134173523845563736e+01,1.099056919861862935e+00,-4.017126385075080464e-01
2.259135692040834531e+00,2.069934456437605874e+01,1.182526233764961354e+01,-3.153686079568804956e+01,1.131541459989722220e+00,-3.408804878362862167e-01
2.347338953803936867e+00,2.056834401223325060e+01,1.217024157420296326e+01,-3.175643294490537372e+01,1.175858939252857116e+00,-2.631754573588948043e-01
